Salinity,Temperature,Pressure,FlowRate,EnergyConsumption,Efficiency
35618.10178271044,30.47242571029618,55.55398786515859,55.57245355408654,3.7851170512077177,81.64699772836966
44260.71459614874,28.041445495161806,66.25702842135074,54.37545632889193,3.7409363972159992,76.9812160039762
40979.90912717108,24.642914244294914,76.18837507629225,40.76926197419307,5.7187637415631105,75.12446914238878
38979.877262955546,32.20692529560423,71.96674659228684,50.23743482878469,3.748638599548518,84.65350592695688
32340.279606636548,30.27096758830819,74.1968344358435,51.40586856357571,3.8158491783858928,90.76167089003508
32339.91780504304,22.43925409017337,69.76350100132152,51.964683426907015,5.2781947872538915,80.881933106215
30871.254182522993,33.663907767407636,70.76829693553557,57.40517107681997,4.34921952735162,89.7485422518017
42992.64218662403,32.33805864384753,75.47586954695959,56.00807640180635,5.330131670865544,77.84613673558603
39016.72517614813,34.246998699378864,57.490040265775576,58.23715278380334,3.196098472693156,82.65611009376487
40621.08866694068,30.8857926258254,64.68274890929422,62.94649784626385,4.462713581020153,70.78611709111544
30308.767414437036,29.201227939036848,56.636283254588065,64.3895721614828,3.100840800549848,90.0145526199694
44548.647782429915,26.273645544359283,79.63004023989942,61.54369228679484,3.1879596103660637,82.82309592481093
42486.63961200633,33.9909272503102,78.32178019059839,68.66571087864804,5.719312360033233,76.12468368630137
33185.08666017414,32.990958342506126,51.182804341055174,40.54697748029085,3.4177361133527855,82.73734121941087
32727.37450810651,20.678280051592843,71.16725517547066,45.87333957050638,4.5972620468256515,85.80218883022904
32751.06764780151,20.39550461745878,77.75744952246998,40.22688624934426,4.23328680780212,89.43246923946135
34563.63364439306,25.646950503170743,55.417260353820005,59.42424142463809,4.042029978776528,77.58348039733283
37871.346474483566,32.158299961727494,67.03835691657889,66.94091646849961,5.699500037061817,76.60759070666805
36479.17527963174,34.80914193972417,77.46464892764126,47.30446889728898,3.0654701903264687,90.74423264295358
34368.43710297063,22.256253366552922,51.01837935757396,67.8110363438892,4.991369058526767,69.99107808633991
39177.79342083569,28.911960730282026,70.9226080174052,41.80802170868682,5.890183302640651,73.05067034546845
32092.407909780628,25.713362849465323,58.92047022117652,68.03308080416542,4.680504550385526,82.19255777675298
34382.169728028275,34.548715967219046,77.73188586129591,50.548680617189035,5.810467386099275,85.73957995301087
35495.42764940538,32.63178384703563,79.13174735496104,43.0426248534765,3.1567736378580715,94.34588273545204
36841.04976325554,32.574930570667064,78.32799467340303,54.57615277558977,4.256379957222484,88.68729902211184
41777.639420895204,27.030397396924556,64.22642649972391,47.703297031615236,3.7804733728861537,77.93251348075704
32995.106732375396,26.222292535064977,75.86127952967941,48.54618705885768,5.19246289494219,83.16327806980121
37713.51657620417,24.101106078960594,75.33648195605211,49.218698947788596,5.94389127149174,76.73968803328576
38886.21853293064,20.845632449763908,59.57301419729767,64.0907769349799,3.7695901873327435,77.71913518204201
30696.756190799966,32.9708356438258,74.86746422452032,56.17483830025763,4.962523804422224,90.79996763409416
39113.17277852158,32.19351513695116,51.11022904146478,49.339230974680106,3.59429289827922,78.98962852898207
32557.861855309373,34.99576509929196,67.8880963544616,58.31001349932755,4.69599076371483,87.72875085580566
30975.77389477919,34.94955255610858,56.90026511863109,61.48452022669581,4.391797460065009,85.40490449432895
44233.2830588,28.33147558403941,53.61700657331836,48.17872002200601,5.916015988894611,64.1891987667936
44484.48049611839,31.534811227707657,52.308596048876275,52.40647304576055,4.8255818180893995,66.54403150088869
42125.960221746915,34.17148594823642,70.88866327634419,43.656582800108424,4.048519116260456,78.52312510576442
34569.20653760056,32.74471086016117,60.196248913041984,45.43448048604041,3.3422873546638003,85.63742293912186
31465.081710095757,23.710221526147965,71.74300314586284,60.433535618949485,3.453740486204804,89.04041877166165
40263.49539768235,26.758162029651402,51.96069022396827,45.44315043086881,3.6759507898537054,72.4940695914368
36602.28740609402,21.937391227272425,59.458710134918306,55.754901510011805,3.752899984020894,78.46177673854042
31830.573522671682,34.31076540888083,66.18473877126011,61.27138785167298,5.551848173523414,81.14431907240302
37427.653651669054,29.0926195167632,73.7216949451689,43.206307692842316,4.683668364847575,81.43821366275908
30515.827816728277,23.42964208255194,59.562575087962095,57.01936658886711,4.5701727341230995,78.27017457282217
43639.80603118173,30.075510266087853,68.77674129311028,47.69688351104091,3.3443066156076524,79.942904518204
33881.69972400025,29.271923606868437,76.57933244708562,68.8878062571274,5.580419080048305,83.21234496742576
39937.83426530973,25.37244077049261,68.47589564546914,54.50636940159774,5.168442909625451,72.75630732338753
34675.666141341164,21.703363882994434,56.988784242609015,64.17977649325474,3.2030050857000045,83.13732771466556
37801.020317667164,30.073597933891996,50.73202344669614,56.50679626468785,5.123505291689306,72.89498754967478
38200.654190149195,27.8046155135569,76.1029662170279,41.302375985644574,4.630614652027939,78.84433861387934
32772.816832882905,31.58477587603459,50.63808232551161,58.99454126782067,3.2451760372403347,82.45169515403833
44543.76941646838,27.8024525166799,76.24105018052597,68.54210026619971,4.37490192458597,75.25549401282751
41626.99235041672,32.7827225047781,65.86811402081636,58.048354604389935,4.454088861390141,74.85890836156497
44092.48412346284,28.278602581617285,78.17203095538689,64.57566578280371,3.4973236204898273,83.3295642350813
43422.41025641473,28.414069573030794,73.96349707320996,66.52619390045223,5.837094441000847,70.95117940322949
38968.49968216628,33.14980403987518,79.93802331600013,46.84239315846797,5.549926114441986,80.22291671580714
43828.11352534675,26.052242993185956,60.521354463551305,46.3613451972468,5.007067011987325,64.16010838126675
31327.387530778793,22.01022842675961,73.0156486679338,58.32942966552975,4.386886683001822,88.20522979283376
32939.74293628718,20.431740144700086,62.057927408277266,52.33085409420114,4.235296624753525,78.59324678171272
30678.40933365807,31.327058835104285,64.39626860911727,65.19583908600161,4.952920401452863,84.78639941524133
34879.954961448966,29.30464327030197,68.8251638965511,67.00069370194034,4.636295608220717,83.45107502129561
35830.15934534223,30.561196521488355,76.21031342559016,50.60264137908155,3.1868193176456567,93.79636490243503
34070.23547660844,23.194462422633663,79.52250407597886,47.10611676923446,4.5375079463109955,83.929432297091
42431.06263727894,22.045572133801546,73.04820241593555,63.41576545731586,5.4192108516985185,65.68602225080002
35351.29990040384,20.21816998501823,62.533003465020016,48.244181066444085,4.377719632790875,78.58417303945352
34214.01764531071,25.258813382098957,62.6407100683121,64.67842955541035,3.155869732662805,89.39745382901431
38140.441247373725,28.848765302819494,72.12746904766675,52.71214760946289,5.358834598152099,80.4077302758093
32113.86337462144,25.883660676495985,57.16331437304907,60.02649697874411,3.604091346407923,84.51951402246455
42032.954711310595,26.562123830355937,53.31422339394184,42.86605941504005,3.7758625046641163,71.17464940545237
31118.25965519656,33.562380417406224,60.638664729223294,58.715779740297194,3.494119060296888,90.84368931380169
44803.30404900776,25.223832005349507,58.61716974962245,53.55303036211687,3.9906451946144927,68.30104027457917
41583.67153944986,27.709842337397163,58.8892436136797,57.59825389526422,5.270254517065905,70.15667607769
32980.73522301258,31.754795191117147,57.0082325314973,45.0404262323459,4.558157578511812,82.12730635120751
30082.831756854037,25.948141734819053,51.26279568909086,62.106212348325464,3.6146438224521376,85.86857356441723
42231.92142682251,29.331300503418102,50.53621804200242,65.88391232629685,5.633490234456122,69.76731508100157
40602.860157714254,32.93545563120118,79.63167169208094,46.50219400272327,5.638745564854588,79.36029488341765
40935.10752061481,34.24280935486463,62.83319401207587,42.871436665604854,5.61173527513802,71.00614453870786
41569.055200289185,22.20610221393557,61.529799414790446,40.709157581390095,3.716388634144618,74.78799206884521
31110.669776011357,33.89881437742242,70.3894184807921,59.25914501329798,4.3537180325429645,86.26171798958212
35376.98592816409,27.38174439619307,56.547616635951925,58.212821082663424,5.954968968422625,70.24728190920598
31738.035892876946,23.873665824484377,78.49883551850675,56.4009223814221,5.316037428929971,84.74088346992497
42946.5513881339,26.887036343573918,73.59035043246656,46.95841288347926,3.0815022636766796,81.181513837349
39349.47190241337,34.700488629282155,52.68233006936779,51.72717987716544,3.195613773781476,79.65586136305994
34963.470372789736,27.389271409893045,62.52742327354785,57.83429005558519,4.391794130436998,79.0522639730849
30953.375254290353,24.931274154312625,76.37354922686494,54.90300576577508,5.7276606175846805,86.40684554705963
34664.73482573494,29.501012814750887,78.3419606687423,69.63356560644662,4.616105393858143,87.05834584059109
34877.749830401204,23.602184281672898,64.0220453374961,44.093192576701995,4.493437524102871,79.8193728504104
40944.09267507096,21.13794992162996,68.40234167632123,60.85433662142781,3.316421099869892,78.83675513944111
39563.3620703282,21.933195828659738,55.01101838276226,52.12956304312876,4.970340314172882,69.45002414240105
43308.1911386449,21.920687584366586,79.7350587841093,52.84598844776844,5.4663094818006766,74.94699725244136
37083.22387742924,22.278540402684413,56.950151041503304,61.52793296974529,4.141260022522687,74.08109813846485
31793.913689074525,22.082407589741152,78.28195322405377,60.77308453973109,5.326835552775982,83.52001468821489
40698.67180834492,29.613121172048217,69.48939946977106,69.73767981106565,5.893429961702434,71.7998524268149
41411.775729253466,22.728201265987174,68.23210384636577,43.85182868362376,3.6112993773830673,75.56258683261031
38419.15796354244,25.18500924985795,65.38065533049526,43.12328948152499,4.569988893584224,75.37013564983316
41564.50769931842,33.45182614859018,56.92009435153276,61.730164513862235,3.8614138742537265,74.8409806417675
37406.93394546586,27.109424603943086,55.29584096016525,57.351607510192274,5.3785632571015185,73.07875515280254
37840.99244072991,30.013366077815405,56.61458627210526,48.224819996794174,4.732780097643472,75.40285415888678
36413.115275378244,22.584798068024448,55.593147864327634,42.3825810696696,4.903747252650911,73.37177410289159
30381.286901161428,22.88433528213006,73.3875342070026,42.56974748789292,5.393742478847682,85.96585337522384
31618.371404899568,20.613029243997183,60.5037577750019,66.82572623992354,4.187911417987364,81.74065122955209
30471.437785301016,22.53402594608247,51.73528029690189,45.756019741562284,5.7452702052211295,74.78273099625774
39546.1561689567,24.17885508547938,79.07307890422433,49.701146863465624,4.59908660173842,80.73394200555818
34715.3397161449,22.655157264151203,76.51357654890276,46.79969206680964,3.473864468506044,89.32190490743665
37628.56036747054,21.330538006355834,77.83256849585639,50.64988917495812,5.087697354506407,78.38732169952998
43613.497108891395,21.809538066509013,79.84723467939305,42.0827152823828,5.379784051314763,68.4714876610066
33739.383437233126,26.911681520490887,55.21685747658462,55.57179372724811,3.95028503120258,80.35116556036506
36155.743845534445,23.095005776086886,61.887260567079764,42.02837690776645,5.571537770996259,76.08700730233838
41333.26707814573,25.46404791572113,72.74715427112274,64.01069523467085,5.7184297642973,74.3835207523137
33431.97248237434,27.551259062822854,70.88061854161377,47.01136245731299,3.830713462133427,89.79359377376666
31154.698647431895,30.35592242944048,54.61687719019565,56.20035743813531,5.950564418145666,78.46883272850829
34346.27179370652,20.589682097616485,74.47499374971854,66.40237262684374,3.422134584146275,88.10940718080363
32418.319308810067,31.99115598363564,56.73321715509982,59.52632107141582,3.60604700520747,85.84275774230186
43945.464785138596,29.418505842363615,56.71452844467869,55.98873359654006,3.5526745177140784,72.11989648371696
42121.80569346625,21.22638547923308,66.10923268680241,49.73001259346127,5.681969130023611,67.32978079287611
39501.056347656355,33.10367936160166,67.7881980452511,49.990057391745935,4.962877656974886,78.92535835056732
43071.908852815766,33.8130860079772,67.40258623513434,60.0846086559457,3.4563128496668187,82.61556891930148
42055.08115348672,20.916169397822955,52.74460512193264,69.82418083663502,4.320970255105047,67.75483814285103
32798.55088329054,24.153164722208054,76.3238258789114,59.85517569548136,4.845894075209406,84.69297405439598
43388.38497734966,32.09301919689592,57.96800127766118,56.733502521100746,3.25039225496815,76.42620819062418
38090.13362873476,31.223895355754877,53.88544763848412,61.919515307177384,5.647249105222016,71.44463111035552
42111.60232746094,22.76781529034566,76.66244239606931,53.95616836851154,5.410810606324605,70.85276716050497
43441.3694988524,23.140239850050655,78.6695449468926,41.80427027802356,4.515620320729915,72.3136772457257
34770.05212457796,25.55708154187073,75.86382851796353,56.86890447633729,5.9013798457775115,78.53601066307546
31650.778867915153,27.26784477786532,74.28548224174634,68.7287585351614,4.253282937825299,86.78921085901348
33419.027438129124,29.27382157295444,69.65725941917066,45.25908827072979,5.952330957109494,78.40041857769288
36406.616829393846,25.533704593546588,66.52572111827418,60.70014672461997,5.003759996410881,77.55318237270133
42270.2214888374,26.938020741997217,52.609602797342305,46.028010659771695,4.904013819761825,66.33247375560536
42910.95874884515,31.21206407200635,62.25359639212096,56.07483053419244,3.4978646858873548,80.2675753549972
30104.28195796786,20.55024804335897,61.18065551036942,42.90029348940159,5.645783274913931,78.60341108873651
37661.20953866348,23.78655416516031,57.79261351280979,53.511128087745554,4.282469063761845,76.06287458018281
36261.16504723168,30.70024378826829,71.70260341065755,62.68489986685738,3.486700217347438,88.92756287220888
33331.61715706095,33.42810256530799,64.87627205236312,50.42714572716946,3.0378225599272772,88.21836595820604
31797.980510005244,27.67516163173499,52.43138647722944,59.94735173461654,4.679267050915148,80.83827794158698
35064.22757105442,27.981702278979736,56.60549605849434,63.86349882369188,4.582198866368029,77.4921574974942
44143.645558687786,21.60758017009664,70.49776290978788,67.81533458438358,5.1580608671074755,71.24645142230888
34848.043980311326,26.711185502351817,52.283925784709005,47.039262455663604,5.670774159053407,69.25207088198387
37781.859326150494,27.98925899682535,75.53620742146306,51.97947747427924,3.2382197539290885,84.76900479373386
40545.28438342767,23.637057554520943,64.85439581041923,44.57248039991252,5.194489471021087,73.34541263906202
35454.44403568941,24.038648464240715,64.41759731979944,69.77450506475125,3.5622358322927465,84.02806515452663
44576.731240814406,25.65926244656934,67.77223353978553,67.81002903772887,5.574531159471492,66.1277131624696
44436.709424131666,20.301067966665897,74.74042897775448,56.19871390841679,5.457190541584968,67.98169422808063
33776.73443738046,24.831187483747676,60.43427623706579,65.26099883129264,4.622381264956633,81.60767681157316
37458.72758838578,23.17172010494817,70.3404845767719,55.628739318161266,5.130728395869935,74.72724490459305
34513.174647251544,24.912460282668718,66.97195891987373,58.70757064008279,3.9430503395512453,87.2624915538055
34272.607415662016,21.79643197728877,58.010848105082644,42.6737329634805,4.413503696798443,76.01540516306818
30553.30421031799,33.35790921109842,76.35889959065474,62.65811261490424,5.464910693131415,89.41476946796455
39143.465009698455,28.90388680331073,73.92278064820785,43.831404509057045,4.377795591519641,80.92839397300139
37540.18534843292,30.186534787167346,69.75355503975277,64.78202890757585,4.073394795976325,84.32999278187778
30772.18126874984,31.837568579110076,75.51745187282725,63.46084263011158,4.4826373417509,89.9672926828821
34179.69696354917,27.476632983935858,76.01882602879407,61.26234093228929,5.484747757311656,82.206246501758
43623.98828949981,21.303804321311354,71.25088930145104,41.08481141574286,4.005624142112618,75.326850509815
33593.42836000459,28.056598127278217,75.11039985091017,49.09385067835986,3.5212847794072313,88.77819698935106
32173.423081368346,28.802616770313186,70.92414385007851,47.893377097325285,5.1360420609923425,85.77449993662789
37341.79140416344,31.18159211276495,70.40422315280901,50.80409222414557,5.477934638124245,77.2362098053495
44784.75681165901,26.47489319344519,68.55834134645553,42.62928240291516,3.3019124355705998,76.91619811199432
33630.82907267251,21.913704541933456,72.58149918672923,68.10873469093188,3.7196223382678344,85.10869386231086
40082.03321108818,24.256638586980866,54.75815315879221,56.614067221371286,3.4259159692829817,70.2698884338004
41424.29422993076,25.446234445979528,76.42612277596785,49.165729319740706,4.0438242347465,80.22267275006391
33564.563159886,29.688758619974017,76.15530583235696,51.9094455122285,4.351052936716238,93.22520585540985
40923.24522917789,28.56167457003368,50.87741849103678,53.41607621514507,5.246479010889919,68.5795170704833
35516.7469907888,25.341450888467694,74.77450251694287,58.01783000081852,4.953442754645023,82.14319750447977
39484.58745890369,34.79772873189469,53.86609602420336,55.470382830894934,4.862785702435294,72.52424510218836
39502.94566141342,29.086622290353308,60.053565627774255,67.58175919643253,4.057124839828964,77.06089970311051
38036.62026112138,23.558401876039916,72.30524768874824,54.90890448717491,5.52434265925428,76.94986697052317
31354.346550816124,21.526737089306057,54.82279688144925,69.76474044469938,4.413861502194494,77.01572168915972
42529.53743383857,22.29288708776498,74.53901072357186,65.54274873235288,5.937314814045464,72.45331711507555
34811.70097457604,23.68936592576762,74.96402533873226,46.255315430720074,4.902426414887211,84.10177590998079
32797.777655997816,22.410220598893336,65.22403201282509,67.91785643931749,3.3787942246935083,87.93609588144206
30611.627123321457,22.798505360769585,50.19157615150501,43.490991936564285,5.028532686226302,77.06737567822567
38863.39414782362,24.276427530407705,58.61114399524738,64.52349125473575,3.975312046295097,76.00197683960522
40163.46542763423,22.60060392942132,68.50780755127226,51.41869880429741,5.058981590058292,75.12963488340155
30248.817433917844,33.451481369396376,79.43558534082271,66.33922961335209,3.2089234444872172,99.90879560276403
37681.395874489215,21.203506184924635,68.95440581050005,66.04170070322351,3.524644311527878,81.45475963719463
33397.43662796907,27.86767084355382,57.79410743192479,64.17776200352864,5.567211776717359,74.66445694520375
39677.59185614175,26.155952404844925,69.02017109298833,63.70091308921184,3.6815386710705447,81.25482020874887
32615.49643507487,34.735679253629094,66.19956139147567,49.14037417294122,5.51112337572882,85.33857869767922
40364.06607153699,21.680583532520785,73.39536185453431,42.42757849153757,3.8378282653632314,77.66872651727226
35801.03019450806,25.967833985686124,53.20941916480875,52.08940536295484,4.9286457301761235,70.6234542149119
44050.94983105102,34.54205649913053,72.83083707506084,45.20573544959526,5.082451720529493,75.44371674906753
32062.814162189898,32.982606888409705,66.23799736028332,60.848532667073854,4.537964259435158,86.27708521441774
35115.99526575388,32.2560810642392,78.88976011576983,50.38299179613357,3.915932030090194,90.79968830820584
31702.102818608837,23.8685424056741,60.25616498116058,69.26830602579744,3.6379331291132884,85.49709977492148
43870.40427417844,22.563313810850985,68.97865679401845,59.22916232035996,3.0995680636872787,77.64537582266551
43160.09030071471,30.029648298866466,77.96084316530053,64.67441690903082,3.911839203722171,84.36551151738091
33869.12441572733,33.94063983691379,53.07529183972038,43.97574018225545,4.959488371593849,74.50342282790653
39899.76069051269,28.351443395208946,78.11685461709354,65.86043446817868,5.814914455345448,74.93576230394511
42258.33300301824,28.574190342048496,70.6365716690244,67.68271571540183,5.613613446789156,71.90758945975135
38328.012173991934,24.199686404904263,52.03511177315516,54.611857564568076,5.2981943296059075,65.26678351600943
37944.7586753401,31.542393997879053,59.02890700840449,58.18758813252933,5.365342029759896,73.3164453994817
33627.78436350678,22.80565622836285,71.24516265935844,62.94429402708987,4.994954710427986,85.05509905848955
31396.541517088488,24.855188546063655,52.02051804406315,45.245158817812374,3.780860572698009,81.78655295015577
43458.2363692999,26.38154657924625,67.4651138052882,55.07698229390327,5.72158509211749,69.01733456955667
43506.270857449956,27.614155680266826,60.3764917085887,51.959890833169396,5.012196935717502,66.3594552568504
39496.52185909902,23.636145986226204,68.62746553302432,44.39121976486747,4.68132189294132,75.08729776213433
35085.44686573051,21.722552371088053,51.37226101437538,51.02603266874594,3.3329684076404433,77.8979568601364
35238.14361918991,29.159300636624486,76.14610418457129,42.04516928156481,4.341166631419276,85.96799152643638
40889.33518305359,24.329458298603836,79.2046690753219,40.77435720848461,4.381074813605779,83.13035827224074
43456.653899288656,28.718573321339186,79.06633565857075,44.05498867464468,5.593690828568009,75.52607116771962
43306.29636397676,22.315440729113035,72.48955495228773,68.89345334767522,4.639944660563366,71.60146327954472
41698.133187864354,27.217101527822262,53.90258720391896,56.485886076850505,4.141201646911229,71.95623512126902
39630.47469231432,27.98884148827379,72.74789587787068,68.9746648345966,5.930400985531978,75.14017566018174
31262.099474925733,20.777353052336405,50.737607493764045,52.974936349903956,3.332161779978947,84.21780039540755
32424.430711419205,25.049064172908807,50.663706545869914,49.35448399255779,4.267645284935834,81.4462713921948
43478.31282790619,22.016220154084614,59.70830657448624,55.18425588520732,3.1260740255142156,72.47539136240107
39096.435894893846,20.950624557091515,64.65929571213996,53.1853506589873,5.2197123623007915,70.55190528546576
30137.955774249443,34.84940348584918,73.1122225342338,43.16994052785232,5.7542296565974524,84.02967994097979
31522.07314299048,24.835307674620843,70.49886129819515,59.22478944070619,3.8401119886514685,88.29957600585401
39952.52653662083,32.148116687819524,63.37708119130245,46.48114547528799,5.575025030397363,73.67535757354922
30075.92375769328,23.819609821456456,58.208799988449975,58.58763864693489,3.8766546913856934,86.82152945175909
32412.12077126248,30.22254083335894,79.91373500473134,59.506032771944604,5.732310484931745,85.53899149362572
38231.00684049879,31.403417898345296,62.78543906707919,44.560745593859444,5.261885710790352,74.61695626616537
40378.4279653904,28.934581109117666,63.541610729890266,41.84048881332004,5.414720330524316,72.36322532170122
39779.418892539004,27.073642828252375,54.90871463575007,63.422847582053194,3.0540196668013637,76.41979533977124
33364.0396419084,26.177613712209027,73.84428646249788,53.7940127130796,5.888431071222078,84.6523122152547
40682.68832021304,25.23302399814493,70.81046677344466,41.74491386516427,5.1800129762109695,71.27603162952832
33558.736312452,33.94293716371739,56.62308838366281,69.84598951509301,3.9142532861584,83.98584820328621
34880.99547238902,32.45929111681593,52.47143136847528,41.733416829891,5.488183994576541,77.93984087019899
41197.37107677036,34.47540365999769,70.4149790622414,60.8510568657566,3.84456359524479,81.94658695426635
39744.49348570822,21.864458352283172,69.63533642843406,69.5103677579024,5.618261518698384,71.81585444655381
42738.35115741267,30.963012128054665,58.19778580994628,47.17540312647777,3.337741171235811,75.76381127441815
39864.19338450515,34.07510685231557,78.5259068675123,44.267481060615886,5.111057932382387,80.96368632514007
38524.629050032076,22.718495992484904,54.531736753427005,43.641548182672864,4.622095429934731,74.36092967869833
31405.121517421387,20.997444010501663,62.97004403127806,49.09825442702787,3.2896034105863223,82.49999183323604
35515.7370458915,31.116809739350884,78.30847760502797,43.0313743303194,3.725681484776517,93.30683838141154
33978.035515225885,28.617096697698678,62.59181950778367,60.76484025082396,3.0372121088319446,84.64705855696911
33659.84465068625,32.62743165137408,69.15577842992256,41.86875394390188,4.406303896393517,85.63217597265209
44595.15832128668,22.096585649394342,61.92783193888383,55.28266384449369,3.9037957822800013,70.33127817936784
35896.465870001404,31.929009677898353,58.2264560704601,69.9009056155893,4.795072452893276,78.96963618952047
43380.6983276567,23.024409800716167,79.51932943879484,64.41910808518057,3.8917134231258514,76.5712539918052
39467.07938995894,22.454839142985566,62.28002018945129,58.45658314693033,3.899757334520954,77.50669642279732
41922.169553124724,22.463986968964896,76.82297611037403,49.18760862359835,5.22957959619481,78.67651784350882
37539.556396577886,32.21862080347073,56.89863817673259,58.716875088749156,3.1444285079350602,79.58142307423051
38653.55826939539,29.977958310443,56.3931411207525,55.81124391734955,5.708684985575962,70.44175806495545
37387.76540728296,27.84598137153679,50.93402248653534,52.78250151671114,5.556791623173544,67.7885071505048
32928.64481697067,25.382457261852537,69.55000476127655,43.921311302205986,5.00341404967922,83.3442124797649
40836.78172892258,33.158008112196626,61.05579031171283,66.598126457214,4.7796647103221535,74.45257354296444
34211.58543661283,25.88667661133953,75.93074749518911,53.493539464639674,5.676907494418957,79.93611274910022
30364.739496471808,32.24899159207366,64.19629720074671,45.83867535462295,3.5559905385861432,91.74025927684654
39682.08443860752,26.587023628553276,79.04580283744166,51.03278052631869,3.236907486572486,90.57341005821868
32656.660191105733,25.65416644137361,55.565765471093634,52.42389257586781,3.7185305097286143,82.00996630737474
44106.87876529372,26.940196785044098,76.05869503866832,64.82613686700623,5.383734836100571,74.30323482558093
44308.92865503881,24.520668112462133,73.29790558375225,62.00843141684206,3.10401080017945,77.36384489574061
43722.96585330673,31.214140702643768,73.12765533932156,63.07914680924019,4.748420505250468,73.98578371857714
35552.380503831664,27.540805851387187,75.34349684350663,40.33093793285941,5.986312548573929,79.84682235045217
30231.849247933013,23.48319042720226,72.83071972828996,52.48461994539284,5.567088281512618,86.6452747025651
43924.77843881588,33.49361859911853,68.78660964894246,54.44032454905971,4.564337067130769,76.0918294295449
36422.76222475972,25.758368320598173,53.93734633047163,40.5757683046917,3.190922727859927,79.48987983112238
44499.82228565504,28.15329291670983,50.975785384737556,47.79439626235103,5.49412054315713,62.35858038147111
44454.29965633879,33.597081664468206,77.6254354344706,62.80869469366405,4.796935524531632,74.98644145072394
42795.1418320104,29.36356993870988,68.49950943562214,44.113291171869975,3.3447989911787004,81.24356761184737
34416.733381043785,21.75347061062546,73.89611872928529,56.059303943577746,3.2815718544700685,90.30613400062452
35776.46592902888,34.09748185420213,64.4456705453765,46.45605616051712,5.728880458309777,76.4113443464771
42767.050072752856,29.415620796071266,53.51924566887183,40.3636232393168,5.007600788814235,66.49484698284132
34753.830077344166,25.023584219856293,53.755573766076516,47.23604372798624,5.487860397950266,72.83578956254635
32542.391200291386,22.08908108995081,70.56695861686914,69.2762126473016,5.636936700846801,78.88993029797312
38352.018936875254,31.91037783905444,62.90917684698388,64.04611335648968,4.715317056144967,77.39123169980313
44042.32161241172,29.301091338927705,56.0157418010101,68.787299329631,4.552339055265124,73.14438986694317
40440.44695012459,28.001916379644825,64.74783640224311,54.63562131779087,4.29128223096297,76.20008219932222
38550.91755134048,33.40838874576436,51.92626811225402,43.2920859603251,3.9508397633733576,75.72206695975457
31457.64740656153,31.82895816836796,67.45914205743196,56.43878466921079,4.3037878825761355,86.56446172534679
39225.108400487545,22.275123195991267,58.06980213305293,53.631320036798826,5.321638967190469,70.88717748576902
44850.807751563945,24.675831016933223,73.92677301911564,65.33071248218847,4.805770293045395,72.53712124254449
32101.26022854786,23.727337097216985,59.31085876770722,42.942477423527336,5.677569869864538,74.73225885159913
37774.94478545605,31.159194388590155,63.656604472454035,54.64723411065334,4.330140043137563,82.3575032120984
43160.596078919334,20.50298652103669,50.34861619724302,44.50145994081953,4.821268736156262,66.6838774206911
41111.52926631307,28.54834527306975,52.17340663383676,49.7402778067018,4.893922659275966,67.54579920056129
40455.23611492902,31.43688028611036,61.77480669220054,62.12071232163399,4.775091486918976,70.85230479738716
40537.26125980664,33.15148455142624,64.3981650415137,54.280543881063,5.107901319256549,76.75087222487436
35392.36726829633,25.131226230738612,68.0006164435791,51.27664855437308,3.712300405124419,83.12878590633919
34403.8776639674,32.31885957008019,58.7498773612791,51.83428835710106,4.537091332637372,82.22461701934432
42140.417332177705,21.65947605432811,70.84945658379627,53.7834030521796,3.312674408425043,75.50630284851539
42151.70092018771,32.696784376017774,75.80367191567613,63.55049631511171,4.153533982934437,83.14986190374896
43006.08477870155,21.912329934979738,73.3955296668005,66.76254066820704,4.463001205863794,72.65147738649584
43698.608288347066,25.95930935840551,51.18856476045072,68.66004059511785,4.956672778636417,66.19944754694225
37670.135982914064,31.959430486693304,64.41520841773487,63.60710158765885,5.851593157758611,74.30595003482631
37522.744420307994,22.24876141023161,53.147905352545244,49.46220687244038,4.801953199645068,69.29535450640603
41974.42768450163,23.43877092848962,57.26135047587582,60.64404118259627,5.2307817485296795,66.22454416442332
39749.458961666474,30.833788525895994,79.59987779801439,53.128093721661756,4.518798178485609,84.63807291527903
40529.503158865555,30.800548048191118,54.2748662870454,47.640118661381536,4.902312094128994,71.02314830012443
41936.89004154151,29.61721449327946,64.96664460354069,65.22614738277768,3.21279664840132,81.2525715151983
43350.08012726349,30.4092266670065,68.54467202954358,41.15279046886975,3.763174742525541,82.09073888358469
35069.92735277304,28.140866650213944,71.07394911632312,67.0528597640627,4.085559279615416,82.3311919469366
35633.74428959916,23.77698588360429,66.78946050460742,53.84432393874202,4.417480065019541,83.77964056718419
31409.729097613035,25.18543990255879,50.29312542257551,59.11604430424841,3.136946236507151,83.92407997120263
38674.20211494261,22.723965752021385,59.79383924731975,59.780617666173484,3.420072292659953,76.58266604230565
30539.134106951133,33.62675842000442,65.53134930154134,66.85353222119609,3.8304429233739175,87.77903419469307
36983.9702719869,28.75087692149181,52.635994974345,59.10009046501622,5.914598072703152,68.65905772183197
38139.66952061365,26.0127712514546,60.51880793627542,58.41800754280185,3.9940410213091524,79.7388211679452
34298.11878192426,26.93008705466199,50.996093263740995,41.9995612168207,4.446123174336248,76.13975370187067
38862.49890853516,34.20925009417723,52.35735491465062,55.552240658356126,3.588293138215179,81.01235539321225
30457.503749085743,22.3002710467412,61.90769828604788,44.50507002451125,4.832340213227305,78.76394464634345
30560.222831238218,28.793447480251956,53.98147262129181,62.12301306164457,3.842049646547923,84.27802397947029
42339.00840989487,27.58833018326699,67.02622544784674,55.36665762438024,3.6209777353152806,75.75928299413656
35402.859621168944,29.171813531519717,70.68394907411798,60.4068333762506,4.549717885337937,84.15065629183233
31905.907689778272,20.27165275731261,74.0176009732725,41.25018701807153,3.0165173974812625,93.49033371699404
37833.64890082207,33.08185863416227,56.0045073273443,42.54376048137409,3.022992097947676,81.55921964121153
41549.90329647916,33.981774237254186,55.024477467772094,61.48970164188047,3.6572064273055735,70.81716653932936
33237.31541245265,28.476997753838134,53.13703521003201,42.1625300799602,3.110164087502463,84.51783794129474
39343.357137285006,30.449762358153386,69.0929074863091,42.13770183295776,3.3240772623920742,85.00590261858338
31280.21197490652,33.837490717659435,71.19427179460703,40.36325425704662,4.016581948016254,92.0910056760925
30775.225817529117,30.608579514700978,50.94758434476926,68.6950419489844,5.4077570387394385,79.62691800347542
37970.31947352222,22.28808564371392,78.0863673873107,62.12525078377021,4.716145930107903,78.94396209478653
38109.526824151595,28.644325402502197,51.55913850954417,50.597542255061924,4.53800317786925,74.31584569984062
39561.448522473096,29.100725695742838,66.23889005903212,48.89606743862966,3.880466469624365,82.5274743563211
40891.370005839926,26.36196006953579,71.27181558352748,50.49109689237549,5.795261158298449,68.78772444722499
44637.78119193802,31.046663534370843,76.12907371238256,63.239605935435456,4.191045123711575,79.00297051031791
37744.50522451793,34.01550522153522,71.42260796397284,59.84111833211243,3.2612783003873145,86.97571666396718
34844.34709411869,33.88352769360164,74.05184249209375,45.55586703602404,4.851199548353404,85.3736046711824
41927.792921530556,26.76259057106198,60.18350577628418,45.22328006002253,3.341515180429804,77.50367880565916
34062.48376893111,21.69857068761133,74.44475341239537,42.95186949140192,4.035669428405076,85.10785396046303
36584.57131058454,34.772617984435016,52.40344539154025,59.80908159104014,4.522235816153427,75.36823281842514
31176.845720133988,32.58347129668901,76.84449968181583,62.93117986665208,5.622667574055527,86.913630080353
30380.26115123186,21.869940218049003,66.42777128461209,47.95139284975012,4.480639741020356,82.65477858622064
44439.72622016887,33.81262823926058,74.51893309887481,40.628348830927386,5.106776298094992,72.91288004100889
42539.70180768309,33.04844543093192,63.569548535549,42.46515002429282,5.978450516997211,70.24759573374025
40439.61309140547,27.78257085689108,69.30733085589574,69.03580104535092,3.394467359693945,79.74263299892705
36134.29416621405,28.86913153617394,65.7920798280834,48.86334332432261,3.8241945765585585,84.8791239214557
32599.41480106269,25.985040558051953,71.94768565265996,63.076694435144006,4.183728226792939,88.16544130595301
32346.55564006629,20.82142458233047,52.44889946091769,58.73990706562792,4.265484535616494,74.36587991895276
33753.64347246893,25.027958624688516,51.81056251971691,51.458189189586875,4.233063225796638,76.19158691496654
38238.39997059181,32.042801728970176,57.41309702030439,46.17061786586665,5.7228330076696645,73.83656613163708
40718.93884050094,20.069480345069042,54.78634040339565,43.64159254478219,5.142097933400569,64.6857186284964
39902.96065076597,25.002487575367162,76.15350699776604,58.450389041166,4.823715642272111,77.8355173272434
34199.00845418914,25.97253040386415,56.57641962074133,63.23901341913364,3.928118153588346,81.43496768741704
44322.97920994791,28.060934044068844,79.27595767457393,59.317127606233925,5.471371152663885,75.48698048101197
41068.45375043653,33.79783424619141,60.10687375313321,55.909063997474746,5.865181534454967,69.14984211476532
38315.31078767101,25.19518991548942,55.46353747066098,41.25853670294909,5.463594847650679,68.3792613952542
39175.811193515285,25.204298028443414,73.69095521427437,69.05466332783152,3.004695315574419,88.68781876182682
36294.00093641685,31.062518721646228,69.76123326502628,63.961425749637236,4.909204110550221,84.77023087148181
33715.964842517365,26.783269113347107,64.94587149359417,48.784661101028945,3.1534061443263024,89.64145601318282
35339.59017976892,23.369072344099727,66.66090652812893,69.39910988076552,3.7728216610011653,83.41484377583795
41367.69165696554,26.7865927419904,71.57605334816792,58.056447689089666,3.1785741010433153,80.96787965744365
30215.902329446337,22.112855305696996,56.853642239938964,57.472679746217395,4.811386358848163,78.25297690973257
31741.089607603742,22.64580479759335,79.89001748170226,62.44219538288596,5.059769740477821,87.8146080729754
30690.03963032629,27.475516591092195,79.2437948644035,64.35309364270412,3.3434629141977155,96.71307807774929
30610.932034784553,26.28388174256822,69.50977059040811,59.69435821994508,4.151516649134939,91.27527131350226
42831.90876016511,33.7226885160215,55.98627352787435,43.842872390986,4.368709526866626,73.50546928339686
40554.867890700356,25.435908486749497,70.40684727293873,50.14802517983495,4.107159065282749,75.80384669984936
37112.607436309874,28.70882525417065,52.165952269375275,67.8425092097815,3.363075001455579,81.01801627731496
31467.512409765022,29.483964318792957,50.91957506617418,46.73846835531556,4.256843370562426,78.722012175464
37374.23812675248,20.196416848825006,57.730486655336406,51.1650107151254,5.253534143425254,69.99480247242384
37102.07656170848,29.953060580250657,63.87868870217949,52.96230648832588,3.2130229935997665,85.08362553134283
32598.028048650227,22.67053950304627,76.04817516225141,53.18214969083357,3.2405400422457102,95.6515786777493
36507.7747385696,34.416054762041824,71.81507209298924,58.38818747483576,4.064313875507953,92.50565213721755
35977.5710159606,22.229940916296695,72.28119563599944,68.29227513234123,5.825177134856775,77.51662709217345
39237.751470783245,26.219361855905355,62.764800033442256,47.220781354975145,5.005717940168742,73.34471210124951
39526.40476301466,21.28024502117966,60.378049776408886,43.64504128902754,5.036009870017694,71.9338604707931
30679.56014658067,34.95311377768921,61.13116288953808,45.92411469579812,4.0857599725135945,89.69111010423462
35619.18921939707,27.532925154968638,79.62948691208173,66.60774700627809,4.780982373625616,84.72721834630936
39387.89873571355,28.930775259800654,51.20327574237447,59.37432437965618,3.03039355208323,81.24149264266816
37547.04387870131,21.006147160826412,76.01094488367346,48.57720367717481,4.908288139228627,79.98616718448429
42847.34761782484,31.249407055987668,67.3602622571718,64.47840816905853,5.73986084272871,71.50762220910812
39880.40447428417,23.148583896433784,63.158462575687714,65.84109989090308,4.8377204050344575,74.30852260889215
32444.016406221446,33.470814341610705,71.7577298124541,65.39543016070834,5.621095780399035,84.65910992087619
31058.531211006448,23.07709460723011,64.60006824274109,67.56779600918664,5.171919166398281,82.69482880360512
39636.28917309473,22.860315809954997,76.20269714244982,47.56723060520085,3.361675249211071,83.02167705693357
30397.669658124327,20.548245017721424,77.02105592033776,62.65125786238835,5.707359921857526,82.62918302000504
38786.63371910195,27.08100417664999,62.65162780620366,53.8161849182242,3.1993315330673244,79.40068405816181
44103.45362137436,28.472616998939245,58.304833917051546,65.25995658670185,4.601902417643291,70.2316578357953
38632.11266813819,20.985629591425287,67.77050985780087,61.85472031484839,3.426411371380373,82.62400767391249
35822.54889309783,31.63291425042516,77.37090036850073,63.293423394991734,3.035119832192712,93.39075193296293
39649.323276635296,26.799332521220414,56.319865670169996,59.68485513043214,4.2661027803829175,77.20299649296226
36873.79335737275,27.8658540399137,68.68899750690449,45.3228630840912,3.8851221229624686,83.4098813278552
38184.25183973902,26.611441204073422,68.94680660277561,56.350807566908145,4.4580014813928095,80.88338054820703
44121.972131647875,26.01144591312989,71.99339067245843,69.54009218573525,4.731599660203653,71.36901751818124
35791.53956701161,28.394604969623266,53.9470305538178,68.12164199491357,3.131217216926842,81.00658587274631
44417.858457358714,22.328603688960687,71.47474894046266,41.29521207391035,3.369009885371237,78.78565819916116
43580.25962934096,22.728921957429066,77.27097561996924,44.944444471883116,4.675927189351276,77.14130266995664
32936.86702183945,32.92678431520276,55.390493266107256,43.951863203636854,4.0295020595179745,82.39142344576403
31040.419513127483,34.19173193200449,57.12629974771633,61.779397299558866,5.187520462648344,81.17433961125089
31511.6700206614,25.599639744196296,79.14185282124919,64.53355989570835,4.956874945775819,84.96171575463228
30273.327384773245,24.06117009715331,55.429308581284694,46.40534098932016,5.536813088969721,76.25543631939453
31416.644411338926,29.659993148585237,75.63155280108737,55.17558078855487,5.0774784800076755,89.20482706068046
40245.101601245355,26.131012566471448,64.76833569344105,65.221090840336,4.289793232170444,77.49277354960387
31067.829726903434,20.380795334905173,57.41693223209531,61.98404634298752,5.018899867183297,78.93891374043548
34784.63445440642,22.342288960492855,76.12249703817534,56.26711616475545,3.8261435227662557,87.16202433230846
42673.12966454182,30.739583432710965,63.359157650079965,57.71043071376319,3.918940496334638,76.23077275722126
30349.079036037387,29.88385912865227,65.4445206178907,55.2508164074884,5.36695547976238,82.00542275171817
42217.02723883404,20.406439887552253,60.77700108199297,48.92645353956462,4.339258549204747,72.25632780381491
34227.821621601,23.329582428994243,67.78852554304783,56.95065978577048,5.395141021555057,79.14784512687496
31772.472414324842,23.46612194882107,54.90571617755069,60.666559061502724,5.467267121004835,76.34461985330802
40451.05748046226,30.078391153980924,61.73244609955282,66.19968747582423,5.5726870129838515,69.92262056828258
39434.14270169826,20.29565806631546,79.08236967005863,59.08874061937745,5.749905707523622,70.98119391638285
43162.080202905796,21.561628729768607,57.74400298103383,62.83364611129474,4.292955661539889,71.42649238578615
41026.06565705829,31.99874128059784,69.70209993623877,44.80214904863719,3.9566004549634166,79.67031996974607
42052.21395577273,22.678169930815002,59.75570192674085,53.8467242325937,4.746596239782342,67.9415813069525
34230.5185885696,29.791191617778118,73.20419377059802,40.2799485948128,4.113517270312883,88.9214051475795
32661.593156695842,23.572741715700896,53.92620982155049,47.40036593564869,4.8032225004006985,75.98379800519356
41259.22127461288,21.491620891390177,79.09463135235634,61.79385145339015,5.116757587931474,78.47895995011407
42102.52108900896,23.64758286499181,63.61368624150918,69.7542985404809,5.06521505547641,71.41037994434001
44857.5771300101,30.83400397783489,57.081513900393915,42.97534298761648,4.1236586610603645,72.09773362565744
36189.2651536714,32.835447021594284,52.20490241990038,52.04482947583865,3.5005806050962587,77.80909607798093
35580.271286891744,32.45329796850487,55.09273715262622,64.00212906097478,4.291588015386623,81.45034887393652
41646.19441112995,25.957752944276823,65.59321845668053,46.12106903886696,3.427782432245726,79.1897901883101
35112.05310379527,30.021277048559693,60.11009529293859,56.652548479068585,5.670291105551425,74.51864942724998
43961.35988405347,23.074764431237313,74.86650097647828,61.992138880890245,4.037632382213572,77.04391724173924
42876.19127764518,24.3972159539152,62.92662570985418,58.479563507805366,3.4633792416699714,72.20763635999451
36434.91041062528,33.445037277816795,57.461428177628896,45.640742038462484,3.0763432797172525,85.09510454786366
41263.06601687246,20.19502885266104,68.5143495981209,50.661537060572186,4.9374671588594525,70.39257082637226
41318.143111270234,21.28262796281702,71.20331650656337,63.513753534561914,4.9107069523642295,71.19980349905623
31546.85803253899,23.11829382719041,55.011257237028495,56.6267954239605,4.021812499743875,78.26116463901825
43538.2936001935,20.397983058107297,55.02857648864953,40.15688840628738,3.215135666542953,73.95736599650654
37578.78558671786,22.721531526346958,51.10014280800629,62.829722800842816,4.228886684685696,71.50365746826039
42396.861991616126,28.745623414545385,72.09206045196922,41.05934064820717,3.933652485190181,82.39649469260745
34800.744015459175,26.321368258887468,69.91413582865415,62.37201348193696,5.031361919205028,79.86427019074402
43432.84842744301,33.39007566615462,64.23892627249441,46.074416804957124,4.817337748358071,69.59567787278296
35838.02518101245,32.26165342607661,75.32511346907592,68.74220440358141,4.09378118459262,85.3623426161731
30162.564772204474,25.12726027546814,74.1701045885016,51.03822253906253,3.65367766276497,94.90056773479061
43580.72964628896,23.891351501469387,67.56063093190257,49.80794849014237,5.964107898466775,66.44270022717245
31369.300151792002,25.695386122509003,76.04813841539776,44.46664150997334,4.362004863588345,88.21397700378523
34789.70456385623,28.854424137722116,56.17523630110305,49.16812646470645,5.064822707340712,76.39746282024437
44250.92950576208,24.020954612343143,53.357588581931836,66.29952285484602,3.421658902735082,71.61532217210836
44259.107204063344,29.36223361773701,58.092488345509686,69.89003012881741,4.456769098978193,72.19427945535378
38601.56832184929,26.141174782868607,51.712605682679445,51.04928591520545,3.0826101596083966,80.49238420743532
39477.558182546985,28.2807077127797,65.93508584003096,53.458318928636274,4.51636535373135,76.59568976079572
36726.6828296748,26.541897937029752,78.09817076884885,61.66212814608211,5.892052221353107,76.25485060139715
34398.16157547097,24.416986393128767,51.180306220055286,66.58587341395224,4.152620138957401,75.9616459524136
34929.96818054874,34.22679960443235,53.66329742030081,57.79133002560353,3.1169880377247345,84.85599953116812
40087.77684115557,31.454086912396413,63.565970848503056,51.74577094533488,3.0928673727580307,80.47585022851125
41285.6179415652,22.101697636496787,78.01625052583715,52.378655225458715,4.163960279840609,77.98124861056618
41873.685655887726,33.027019638468694,59.48468314930251,60.868544394904205,3.480074809389582,78.59557002091533
41844.27214191831,27.311467973742705,65.21704426065178,40.09654790812836,3.0700562889845577,80.05845609538608
31368.091545730356,33.41828340341137,51.24718577151177,58.587680123795224,5.26864084185053,78.14729840731883
37416.30457053872,31.997828839209728,54.45029602886267,50.66479031324072,4.375569026645672,74.94389571678644
30863.381400249666,26.3782025670385,79.5989036887654,63.82591993831252,3.8677343159179634,92.95790215328466
38242.933234856035,20.33703962480176,78.95356089308137,42.789719194693966,5.700249549049442,74.79013852508267
36622.957520600656,24.030160390774192,50.148199428032285,57.646068008451714,3.348416880601577,79.03209966768779
43315.562741374495,28.124513219913005,78.55435356269717,54.42918669658371,5.867756486865957,75.14300537166194
35263.72518828118,29.50217329739221,69.17359813446501,59.26976577715682,3.9419001521320585,81.79638972171807
31756.005246414086,23.868315281498035,76.03754883560066,41.94560783448905,5.665211016926044,81.29964308418658
32144.87523079254,22.09034111109236,63.64219566901578,57.39951362284394,4.808828629438384,77.71073234220779
41422.659475762084,32.523953551989486,65.46788085737751,56.84453763878571,5.480122079224462,71.30114274707414
39273.270949743914,34.76603271055328,64.6653974077076,56.819802832485124,5.952039489631392,73.04766392839882
31516.840141841854,27.885352734540287,70.00592772638313,58.104629997893646,3.865216313456237,86.49098107585148
31261.602091724963,22.57518928772455,54.18953764268939,60.294038116790865,5.8834064562227795,71.8094243005264
40514.5369718868,24.084609897790536,50.89920769618034,64.14966999042309,4.168445684707261,68.38883159293043
31091.445095462903,20.275860148212,59.23789824773573,48.094621603846434,4.156535714210767,82.4748640500498
42327.90088935534,33.71448209840749,71.1404228820994,64.75148230540186,4.0211613127635175,80.29665631602509
40593.63340734744,21.766266243352117,56.05560356368845,54.947670467903606,4.624222822042755,68.41812149628804
31220.231709628497,28.647747132713803,70.20297299974752,42.31174837402993,3.462435129535461,91.95918285622159
31272.56571127788,24.11082831030809,79.09736138321811,41.75652787731938,4.661134456074033,87.86172934163113
44799.59367751763,28.3126700377369,52.81702147368255,50.027149560881824,4.625114437230012,65.77724795370432
35614.06193634181,29.771305825277963,70.17806354675379,63.54690931334403,5.2857054378146096,83.59263765928173
35559.63220600336,32.446127055608024,63.312506579137136,61.23042804222747,5.500949885812757,80.17633110266358
42191.993508862535,23.09631907640905,76.04426763132517,63.65844894017219,4.321324050937272,75.27015058898597
44208.72866075788,20.164937429877206,55.314493683421574,55.51807169324828,3.9069997480544814,69.99801588511433
44790.015957343065,22.05328445103211,70.77877856678494,53.205969938664715,3.7780046919512835,76.64825514585858
41300.67277888412,33.500279627721575,75.1434586894433,44.42357580118852,3.5838715101146157,82.17478196724598
35643.893782963736,33.10835116343773,78.3384265842207,49.84578260827935,3.1729427465970748,94.5697665008773
31252.510750480033,28.961196532554624,70.49744084868938,53.020580985216256,4.02734393650414,92.60131263957066
41657.20373891155,29.0077529065048,64.91524292025282,42.65801289038852,3.8107430763923498,75.5231573830828
38376.06374603708,29.97555011819383,68.53541720603641,46.61835858133634,5.899252157599222,72.59875389941021
36363.330138704645,22.630569179351745,76.06714953436155,57.94675882191217,4.673126478750132,84.19551744753198
43595.31577642104,33.7161791888744,67.11829239916489,62.0698934271757,4.041831117091522,77.74252109319245
31667.96223459227,26.281557873381097,50.911611790905106,69.95042534178849,4.741402802981088,78.71849118233881
37389.37656436289,25.747077923742463,77.92846086520933,67.99339994030673,3.4175901040370866,88.51694917549625
30170.304671511287,27.783765579242562,70.68580253094683,59.27695598605575,4.3321312476066085,89.89201286607008
37029.9096299119,20.704489501625826,70.29540157331739,52.637441598822164,4.878702964263192,75.13184173622787
30844.54913522756,22.49425053134119,56.47025457193151,59.08532094124698,4.4666934953773545,82.71968928468088
31782.26874402108,31.070504246395558,69.76656410697971,63.56954854240696,4.205336401962972,90.96334254969312
31762.893701656572,21.241980018876898,61.81593216962476,43.55008572770162,5.981545166699094,74.95111101692399
39738.154531740955,29.047281641995824,69.53698931124477,52.297146690888646,5.640944286446781,74.14009463994086
41190.67318898135,23.680236645219814,53.19779090923972,65.19406856906852,4.87021787447832,64.64942766525576
38750.53147645739,25.839434210629648,69.73535913809108,51.514988557991316,4.7081320835468485,79.09142361981623
44432.58822711813,24.330406051560498,79.98241177311999,57.156168136815594,4.861981439473752,76.55568742313129
35623.058692855564,25.335090746974238,51.44636116581668,57.633080825865946,3.6039363234672996,78.01588566969556
34285.681294227914,30.785688577763683,79.31522552663952,45.53428759400918,4.185413229792956,92.18316929032619
43028.986922841905,24.456825734347625,62.20723882168612,50.86706324956865,3.118378598672698,76.04928746948616
33353.93757779179,28.49606960445346,76.12260351011777,50.03533866225796,4.426638112460481,89.06658410953665
44448.33809160917,27.140756032986495,73.4715645217482,40.785901255961946,4.62907375187299,72.52689084210986
30182.317120347245,29.955067480439723,67.01048782960004,40.72575291674066,3.6832492083096287,90.8282971206377
44548.18240061458,34.05244608987137,72.1534762775398,64.9509113102732,5.892086541496541,70.6118872555709
30647.39867925864,30.988581458153753,76.35546683904043,48.19212429918437,5.728363832811726,86.72852300663862
43367.14670547107,23.224105678861353,62.12420964953099,55.542362987164466,5.166429706367717,67.04499617486216
37915.5166362945,20.46774702591927,59.81099484689716,48.96176720766319,4.600159886296088,73.48562067371246
44894.4719417895,23.933960664497377,70.02780156690754,68.22037735346021,5.609907478943055,69.50930131143352
31106.948471030984,28.926168960503823,74.23537825823776,47.778902765973214,3.3919570314703886,92.82369692005729
38307.814266019814,20.771387202263757,72.86855404329847,52.88970438216805,5.371529382824654,72.37175177920273
44539.53803428648,27.445493708018546,73.93440946575903,66.18190751453805,3.374462441900545,83.26919190523137
37846.46766255223,28.952642733753336,63.06749944438799,65.25800700375426,5.3826319876482165,77.29870514211707
39440.97957202894,25.01365836225441,74.53502648525065,45.583042535388316,3.8273027047540706,79.98339232152011
40436.23033476926,31.56368305618733,53.60627166111826,64.07929929387132,5.631271743054567,69.32971188480636
36818.1159715166,21.59897379700658,66.33467293882549,53.74560660213678,5.832126281476194,71.86099067610813
39413.371201260954,21.127066726037132,50.172759814943646,54.489066162560654,3.446387908215347,73.73527554032839
38764.7146788465,30.92283134305405,59.73757489700811,44.004399172478315,4.388026815196181,77.44350568011522
43517.370157364836,27.432369743092977,60.99384604614194,42.41804541271374,5.942962134488056,64.86921504543497
30681.695705121867,30.32603594641604,61.88518074827766,61.83817920921295,4.450222307919439,83.80176681526346
34214.447843883456,26.522410079056193,70.86401620069586,54.893834570658996,5.590642567543636,78.34422928530469
44256.17226114838,23.6960304985866,61.65674303811037,53.10552107845538,4.76619456639396,66.61817200713344
43353.95675836375,32.286534765113,63.46080867867592,61.8852468595719,4.1259897237588055,73.5487238311444
36834.85129178569,31.991238184534687,57.12632392622982,62.96538696973329,3.8573506665776107,80.04929048765749
39301.98896702305,30.4204470628164,61.1975537488802,44.76724503008061,3.6096692732582616,78.43296958011939
34160.71774471699,24.08217705844944,56.81808881789455,58.30675448432924,5.285394574133091,76.01369673486853
32821.81739585642,28.853460003036307,52.19587771305331,44.060622468330564,4.159621520469083,83.04857791907132
36955.47607409973,25.414608454100403,68.10345780144134,62.54125258087137,4.533826386602254,78.61487755355782
35300.28342039079,21.373731099899512,70.04638395665049,59.708654688014185,4.476976440003545,81.70129273329583
38754.84167776308,33.75970363193364,68.58471038028844,68.69843863250374,4.731837087699393,80.87897543374069
31166.019554474773,22.052279463784423,63.90482131401717,42.06874049069263,5.5967314368736565,79.56867160461135
44615.9221149925,34.253560307312036,61.3935734053769,41.71164163453763,5.942218030750288,66.60061375218288
44793.16116719404,26.690086594369337,75.90000948715476,48.465612240796005,4.222752625721451,78.1682229398123
